date,grid_id,daily_grid_activity,rank
2013-11-01,5161,274800.29560000007,1
2013-11-01,5059,197968.3438,2
2013-11-01,5758,143489.27069999996,3
2013-11-01,5061,137435.4867,4
2013-11-01,5955,135844.95560000002,5
2013-11-01,5262,131322.8759,6
2013-11-01,6064,126818.90529999998,7
2013-11-01,5162,124664.3217,8
2013-11-01,4857,121991.8232,9
2013-11-01,4856,114005.337,10
2013-11-02,5161,345365.4933,1
2013-11-02,5059,214786.72,2
2013-11-02,5061,170721.5799,3
2013-11-02,5262,167711.943,4
2013-11-02,5162,138395.3073,5
2013-11-02,5955,131393.6947,6
2013-11-02,4857,131261.74749999997,7
2013-11-02,5758,125617.50179999998,8
2013-11-02,5458,121893.63370000002,9
2013-11-02,4856,121033.29669999999,10
2013-11-03,5161,243447.50049999997,1
2013-11-03,5059,161448.9112,2
2013-11-03,5955,157878.63050000003,3
2013-11-03,5061,135435.68380000003,4
2013-11-03,5857,121045.26160000001,5
2013-11-03,6064,120493.21579999999,6
2013-11-03,5758,120263.01829999998,7
2013-11-03,5855,113243.54819999999,8
2013-11-03,6169,112622.55449999998,9
2013-11-03,4755,110433.86660000001,10
2013-11-04,5259,280303.0063,1
2013-11-04,5059,246777.23710000006,2
2013-11-04,5258,242752.49059999996,3
2013-11-04,5159,224209.7782,4
2013-11-04,6064,223731.77000000002,5
2013-11-04,5061,216325.0488,6
2013-11-04,4459,211953.19380000004,7
2013-11-04,5161,208323.24440000003,8
2013-11-04,4956,203734.10799999998,9
2013-11-04,6058,197785.63569999998,10
2013-11-05,5259,306621.8137,1
2013-11-05,5059,284526.68639999995,2
2013-11-05,4459,270086.6917,3
2013-11-05,5159,254011.3974,4
2013-11-05,5258,248604.7103,5
2013-11-05,5161,243200.20659999998,6
2013-11-05,5061,237397.4143,7
2013-11-05,6064,234417.2795,8
2013-11-05,6058,216551.07079999996,9
2013-11-05,4956,211009.25429999997,10
2013-11-06,5259,303501.3457,1
2013-11-06,5059,272113.0762,2
2013-11-06,4459,253747.9883,3
2013-11-06,5159,246876.21240000002,4
2013-11-06,5258,242657.91520000002,5
2013-11-06,5161,235848.7335,6
2013-11-06,5061,235349.89130000002,7
2013-11-06,6064,222225.7991,8
2013-11-06,6058,208016.0591,9
2013-11-06,4956,201268.98870000002,10
2013-11-07,5259,306099.4571,1
2013-11-07,5059,276329.49009999994,2
2013-11-07,5258,252354.2746,3
2013-11-07,5159,251119.84609999997,4
2013-11-07,5061,248586.48819999993,5
2013-11-07,4459,248146.67890000003,6
2013-11-07,6064,240472.5918,7
2013-11-07,5161,238857.1051,8
2013-11-07,6058,219088.7743,9
2013-11-07,4956,215222.34720000002,10
