grid_id,centroid_lon,centroid_lat,week_total_activity
5161,9.193081455653491,45.46567285279864,1789842.579
5059,9.18706228325687,45.4635675883432,1653950.4648
5259,9.18707627589126,45.46779812505402,1429056.132
5061,9.193074234887826,45.46355758478324,1381251.5929999999
6064,9.202167774301552,45.48469461943098,1280323.972
5258,9.184070074053523,45.467803008894876,1252701.0197
5159,9.18706927918534,45.4656828570924,1246998.1885999998
4459,9.187020324006443,45.450875959308675,1154504.9723
5262,9.196094876689187,45.467782998839766,1153148.4885
5758,9.184104506904802,45.47837933868074,1150307.1739
